Source snapshot,CRICOS Provider Code,Institution Name,CRICOS Course Code,Course Name,Course Level,AQF Level,Nursing Field of Education,States,Registered duration (weeks),Registered tuition AUD (whole course),Registered non-tuition AUD,Exit-only qualification,Institution website,Source
2026-09-30,00020G,Department of Training and Workforce Development,111816C,Certificate IV in Preparation for Health and Nursing Studies,Certificate IV,4,060301 - General Nursing,WA,26,"$9,403.00",$654.00,No,http://www.tafeinternational.wa.edu.au/,https://data.gov.au/data/dataset/cricos
2026-09-30,03047E,Stanley International College Pty Ltd,118895J,Certificate IV in Preparation for Health and Nursing Studies,Certificate IV,4,060301 - General Nursing,WA,26,"$9,000.00",$600.00,No,https://www.stanleycollege.edu.au,https://data.gov.au/data/dataset/cricos
2026-09-30,03782G,A.M.A. Services (W.A.) Pty Ltd,111811H,Diploma of Nursing,Diploma,5,060301 - General Nursing,WA,72,"$30,000.00","$1,485.00",No,,https://data.gov.au/data/dataset/cricos
2026-09-30,00197D,Acknowledge Education Pty Ltd,114531C,Diploma of Nursing,Diploma,5,060301 - General Nursing,VIC,104,"$29,000.00","$1,500.00",No,,https://data.gov.au/data/dataset/cricos
2026-09-30,02411J,Box Hill Institute,112198E,Diploma of Nursing,Diploma,5,060301 - General Nursing,VIC,104,"$20,320.00",$0.00,No,https://www.boxhill.edu.au,https://data.gov.au/data/dataset/cricos
2026-09-30,00001K,Canberra Institute of Technology,112865H,Diploma of Nursing,Diploma,5,060301 - General Nursing,ACT,78,"$31,320.00","$6,845.00",No,https://international.cit.edu.au/,https://data.gov.au/data/dataset/cricos
2026-09-30,00219C,Central Queensland University,111895K,Diploma of Health Care,Diploma,5,"060399 - Nursing, n.e.c.",QLD,52,"$33,450.00",$0.00,No,https://www.cqu.edu.au,https://data.gov.au/data/dataset/cricos
2026-09-30,00219C,Central Queensland University,110159F,Diploma of Nursing,Diploma,5,"060300 - Nursing, n.f.d.",QLD,78,"$27,900.00","$1,400.00",No,https://www.cqu.edu.au,https://data.gov.au/data/dataset/cricos
2026-09-30,00881F,Chisholm Institute,112257K,Diploma of Nursing,Diploma,5,060301 - General Nursing,VIC,78,"$35,019.00",$995.00,No,http://chisholm.edu.au,https://data.gov.au/data/dataset/cricos
2026-09-30,00020G,Department of Training and Workforce Development,111837J,Diploma of Nursing,Diploma,5,060301 - General Nursing,WA,78,"$28,209.00","$7,060.00",No,http://www.tafeinternational.wa.edu.au/,https://data.gov.au/data/dataset/cricos
2026-09-30,02804C,EQUALS International (Aust) Pty Ltd,111286B,Diploma of Nursing,Diploma,5,"060300 - Nursing, n.f.d.",SA,78,"$29,000.00","$5,500.00",No,https://www.equals.edu.au,https://data.gov.au/data/dataset/cricos
2026-09-30,00103D,Federation University Australia,115257H,Diploma of Health (Higher Education),Diploma,5,060301 - General Nursing,VIC,52,"$38,000.00",$885.00,No,https://www.federation.edu.au,https://data.gov.au/data/dataset/cricos
2026-09-30,00103D,Federation University Australia,121313K,Diploma of Health (Higher Education),Diploma,5,060301 - General Nursing,VIC,52,"$36,800.00",$885.00,No,https://www.federation.edu.au,https://data.gov.au/data/dataset/cricos
2026-09-30,03920B,Fox Endeavours Pty Ltd,113088C,Diploma of Nursing,Diploma,5,060301 - General Nursing,NT,78,"$33,402.00","$3,900.00",No,http://www.fox.edu.au,https://data.gov.au/data/dataset/cricos
2026-09-30,00011G,Gordon Institute of TAFE,111651H,Diploma of Nursing,Diploma,5,"060300 - Nursing, n.f.d.",VIC,104,"$43,000.00","$1,430.00",No,http://www.gordontafe.edu.au/,https://data.gov.au/data/dataset/cricos
2026-09-30,03386G,Health Careers International Pty Ltd,108323F,Diploma of Nursing,Diploma,5,"060300 - Nursing, n.f.d.",NSW QLD VIC WA,78,"$35,700.00",$300.00,No,,https://data.gov.au/data/dataset/cricos
2026-09-30,00012G,Holmesglen Institute,108196H,Diploma of Nursing,Diploma,5,060301 - General Nursing,VIC,104,"$40,650.00",$990.00,No,https://www.holmesglen.edu.au,https://data.gov.au/data/dataset/cricos
2026-09-30,03644F,Key 2 Learning Pty Ltd,112339H,Diploma of Nursing,Diploma,5,060301 - General Nursing,ACT,82,"$32,750.00","$6,000.00",No,,https://data.gov.au/data/dataset/cricos
2026-09-30,03010G,Malekhu Investments Pty Ltd,114217B,Diploma of Nursing,Diploma,5,060301 - General Nursing,NSW QLD SA,78,"$36,000.00","$7,500.00",No,https://www.queensford.edu.au,https://data.gov.au/data/dataset/cricos
2026-09-30,02815M,Menzies Institute of Technology Pty Ltd,112337K,Diploma of Nursing,Diploma,5,060301 - General Nursing,VIC,78,"$35,000.00","$8,500.00",No,http://www.menzies.vic.edu.au,https://data.gov.au/data/dataset/cricos
2026-09-30,00213J,Queensland University of Technology (QUT),118489A,Diploma in Health Science (Nursing),Diploma,5,060301 - General Nursing,QLD,52,"$35,300.00","$1,000.00",No,https://www.qut.edu.au,https://data.gov.au/data/dataset/cricos
2026-09-30,00122A,Royal Melbourne Institute of Technology,110709C,Diploma of Nursing,Diploma,5,060301 - General Nursing,VIC,104,"$41,750.00",$772.00,No,https://www.rmit.edu.au,https://data.gov.au/data/dataset/cricos
2026-09-30,02934D,Southern Cross Education Institute Pty Ltd,108324E,Diploma of Nursing,Diploma,5,060301 - General Nursing,SA VIC,85,"$32,000.00","$7,250.00",No,https://www.scei.com.au,https://data.gov.au/data/dataset/cricos
2026-09-30,03047E,Stanley International College Pty Ltd,116731A,Diploma of Nursing,Diploma,5,060301 - General Nursing,WA,104,"$36,000.00","$2,000.00",No,https://www.stanleycollege.edu.au,https://data.gov.au/data/dataset/cricos
2026-09-30,03623M,Strategix Training Group Pty Ltd,112351A,Diploma of Nursing,Diploma,5,060301 - General Nursing,QLD,78,"$23,500.00","$6,300.00",No,http://www.strategix.com.au,https://data.gov.au/data/dataset/cricos
2026-09-30,03020E,TAFE Queensland,109308H,Diploma of Nursing,Diploma,5,060301 - General Nursing,QLD,79,"$33,600.00",$0.00,No,https://www.tafeqld.edu.au,https://data.gov.au/data/dataset/cricos
2026-09-30,00092B,TAFE SA,111783G,Diploma of Nursing,Diploma,5,060301 - General Nursing,SA,92,"$38,175.00",$0.00,No,http://www.tafesa.edu.au/international,https://data.gov.au/data/dataset/cricos
2026-09-30,03041M,TasTAFE,111020F,Diploma of Nursing,Diploma,5,"060399 - Nursing, n.e.c.",TAS,104,"$29,495.00",$0.00,No,https://www.tastafe.tas.edu.au/international,https://data.gov.au/data/dataset/cricos
2026-09-30,00591E,Technical and Further Education Commission,110160B,Diploma of Nursing,Diploma,5,"060399 - Nursing, n.e.c.",NSW,78,"$28,500.00",$0.00,No,https://www.tafensw.edu.au/international,https://data.gov.au/data/dataset/cricos
2026-09-30,00246M,Think: Colleges Pty Ltd,110190G,Diploma of Nursing,Diploma,5,060301 - General Nursing,NSW QLD SA VIC,88,"$42,000.00",$0.00,No,https://www.think.edu.au,https://data.gov.au/data/dataset/cricos
2026-09-30,03741E,Tred Consultants Pty Ltd,109068H,Diploma of Nursing,Diploma,5,060301 - General Nursing,NSW SA TAS,104,"$27,000.00","$10,300.00",No,https://www.tredcollege.edu.au,https://data.gov.au/data/dataset/cricos
2026-09-30,02723D,UOWC Ltd,111401D,Diploma of Nursing,Diploma,5,"060300 - Nursing, n.f.d.",NSW,83,"$34,992.00",$0.00,No,https://www.uowcollege.edu.au,https://data.gov.au/data/dataset/cricos
2026-09-30,00917K,Western Sydney University,110168E,Diploma in Health Support (exit only),Diploma,5,060301 - General Nursing,NSW,52,"$34,786.29",$300.00,Yes,https://www.westernsydney.edu.au,https://data.gov.au/data/dataset/cricos
2026-09-30,03733E,YourLife Health and Learning Inc,111142G,Diploma of Nursing,Diploma,5,060301 - General Nursing,SA WA,84,"$26,000.00","$4,000.00",No,https://www.schoolofhealth.edu.au,https://data.gov.au/data/dataset/cricos
2026-09-30,02804C,EQUALS International (Aust) Pty Ltd,108164E,Advanced Diploma of Nursing,Advanced Diploma,6,060301 - General Nursing,SA,52,"$16,950.00",$590.00,No,https://www.equals.edu.au,https://data.gov.au/data/dataset/cricos
2026-09-30,02925E,Education Training & Employment Australia Pty. Ltd.,110547E,Advanced Diploma of Nursing,Advanced Diploma,6,060307 - Community Nursing,NSW SA VIC WA,36,"$12,200.00",$250.00,No,http://www.etea.edu.au,https://data.gov.au/data/dataset/cricos
2026-09-30,02813B,Niche Education Group Pty Ltd,0101607,Advanced Diploma of Cosmetic Dermal Science,Advanced Diploma,6,060311 - Aged Care Nursing,WA,48,"$21,500.00",$250.00,No,http://www.nicheeducation.com.au,https://data.gov.au/data/dataset/cricos
2026-09-30,00219C,Central Queensland University,111894M,Associate Degree of Health Care,Associate Degree,6,"060399 - Nursing, n.e.c.",QLD,104,"$66,900.00",$0.00,No,https://www.cqu.edu.au,https://data.gov.au/data/dataset/cricos
2026-09-30,00917K,Western Sydney University,110167F,Associate Degree in Health Support (exit only),Associate Degree,6,060301 - General Nursing,NSW,104,"$79,200.00",$600.00,Yes,https://www.westernsydney.edu.au,https://data.gov.au/data/dataset/cricos
2026-09-30,04249J,Adelaide University,115734F,Bachelor of Midwifery,Bachelor Degree,7,060303 - Midwifery,SA,156,"$140,100.00",$836.00,No,,https://data.gov.au/data/dataset/cricos
2026-09-30,04249J,Adelaide University,115738B,Bachelor of Nursing,Bachelor Degree,7,060301 - General Nursing,SA,156,"$140,100.00","$3,079.00",No,,https://data.gov.au/data/dataset/cricos
2026-09-30,00004G,Australian Catholic University Limited,001293G,Bachelor of Nursing,Bachelor Degree,7,060301 - General Nursing,ACT NSW QLD VIC,156,"$119,016.00","$1,000.00",No,https://www.acu.edu.au,https://data.gov.au/data/dataset/cricos
2026-09-30,00004G,Australian Catholic University Limited,086187F,Bachelor of Nursing (Enrolled Nurses),Bachelor Degree,7,060301 - General Nursing,ACT NSW QLD VIC,104,"$79,344.00",$800.00,No,https://www.acu.edu.au,https://data.gov.au/data/dataset/cricos
2026-09-30,00004G,Australian Catholic University Limited,074588K,Bachelor of Nursing / Bachelor of Business Administration,Bachelor Degree,7,"060399 - Nursing, n.e.c.",NSW QLD VIC,234,"$173,565.00","$1,450.00",No,https://www.acu.edu.au,https://data.gov.au/data/dataset/cricos
2026-09-30,00004G,Australian Catholic University Limited,117564C,Bachelor of Nursing/Bachelor of Business,Bachelor Degree,7,"060399 - Nursing, n.e.c.",NSW VIC,208,"$173,565.00","$1,300.00",No,https://www.acu.edu.au,https://data.gov.au/data/dataset/cricos
2026-09-30,02731D,Avondale University,057311C,Bachelor of Nursing,Bachelor Degree,7,060301 - General Nursing,NSW,156,"$113,520.00","$1,116.00",No,https://www.avondale.edu.au,https://data.gov.au/data/dataset/cricos
2026-09-30,00219C,Central Queensland University,020827B,Bachelor of Nursing,Bachelor Degree,7,060301 - General Nursing,QLD,156,"$115,200.00","$1,550.00",No,https://www.cqu.edu.au,https://data.gov.au/data/dataset/cricos
2026-09-30,00219C,Central Queensland University,102338C,Bachelor of Nursing,Bachelor Degree,7,060301 - General Nursing,QLD,182,"$116,800.00","$1,600.00",No,https://www.cqu.edu.au,https://data.gov.au/data/dataset/cricos
2026-09-30,00300K,Charles Darwin University (CDU),103121A,Bachelor of Nursing,Bachelor Degree,7,060301 - General Nursing,NSW NT,156,"$116,175.00","$1,104.00",No,https://www.cdu.edu.au,https://data.gov.au/data/dataset/cricos
2026-09-30,00300K,Charles Darwin University (CDU),118197B,Bachelor of Nursing,Bachelor Degree,7,060301 - General Nursing,NSW NT,156,"$116,175.00","$1,104.00",No,https://www.cdu.edu.au,https://data.gov.au/data/dataset/cricos
2026-09-30,00005F,Charles Sturt University (CSU),010599C,Bachelor of Nursing,Bachelor Degree,7,060301 - General Nursing,NSW,156,"$103,920.00","$1,104.00",No,https://www.csu.edu.au,https://data.gov.au/data/dataset/cricos
2026-09-30,00301J,Curtin University,118283D,Bachelor of Science (Advanced Nursing),Bachelor Degree,7,060301 - General Nursing,WA,182,"$174,450.00","$1,200.00",No,https://www.curtin.edu.au,https://data.gov.au/data/dataset/cricos
2026-09-30,00301J,Curtin University,115618K,Bachelor of Science (Midwifery),Bachelor Degree,7,060303 - Midwifery,WA,156,"$128,472.00","$1,200.00",No,https://www.curtin.edu.au,https://data.gov.au/data/dataset/cricos
2026-09-30,00301J,Curtin University,041794K,Bachelor of Science (Nursing),Bachelor Degree,7,060301 - General Nursing,WA,182,"$167,324.00","$1,200.00",No,https://www.curtin.edu.au,https://data.gov.au/data/dataset/cricos
2026-09-30,00113B,Deakin University (Deakin),018327G,Bachelor of Nursing,Bachelor Degree,7,060301 - General Nursing,VIC,156,"$139,016.00",$0.00,No,http://www.deakin.edu.au/,https://data.gov.au/data/dataset/cricos
2026-09-30,00113B,Deakin University (Deakin),120445F,Bachelor of Nursing (Clinical Leadership),Bachelor Degree,7,060301 - General Nursing,VIC,156,"$144,800.00",$500.00,No,http://www.deakin.edu.au/,https://data.gov.au/data/dataset/cricos
2026-09-30,00113B,Deakin University (Deakin),079499D,Bachelor of Nursing/ Bachelor of Psychological Science,Bachelor Degree,7,"060300 - Nursing, n.f.d.",VIC,208,"$188,728.00",$0.00,No,http://www.deakin.edu.au/,https://data.gov.au/data/dataset/cricos
2026-09-30,00113B,Deakin University (Deakin),057656M,Bachelor of Nursing/Bachelor of Midwifery,Bachelor Degree,7,"060300 - Nursing, n.f.d.; 060303 - Midwifery",VIC,208,"$188,728.00",$0.00,No,http://www.deakin.edu.au/,https://data.gov.au/data/dataset/cricos
2026-09-30,00113B,Deakin University (Deakin),018323M,Bachelor of Nursing/Bachelor of Public Health and Health Promotion,Bachelor Degree,7,"060300 - Nursing, n.f.d.",VIC,208,"$188,728.00",$0.00,No,http://www.deakin.edu.au/,https://data.gov.au/data/dataset/cricos
2026-09-30,00279B,Edith Cowan University,077132G,Bachelor of Science (Nursing),Bachelor Degree,7,060301 - General Nursing,WA,156,"$137,550.00","$5,200.00",No,https://www.ecu.edu.au,https://data.gov.au/data/dataset/cricos
2026-09-30,00279B,Edith Cowan University,097835K,Bachelor of Science (Nursing)/Bachelor of Science (Midwifery),Bachelor Degree,7,"060303 - Midwifery; 060300 - Nursing, n.f.d.",WA,208,"$258,075.00","$5,210.00",No,https://www.ecu.edu.au,https://data.gov.au/data/dataset/cricos
2026-09-30,00103D,Federation University Australia,121283M,Bachelor of Midwifery,Bachelor Degree,7,060303 - Midwifery,VIC,156,"$123,000.00",$885.00,No,https://www.federation.edu.au,https://data.gov.au/data/dataset/cricos
2026-09-30,00103D,Federation University Australia,088144A,Bachelor of Nursing,Bachelor Degree,7,060303 - Midwifery,VIC,156,"$123,000.00",$885.00,No,https://www.federation.edu.au,https://data.gov.au/data/dataset/cricos
2026-09-30,00103D,Federation University Australia,117557B,Bachelor of Nursing,Bachelor Degree,7,060301 - General Nursing,VIC,156,"$125,400.00",$885.00,No,https://www.federation.edu.au,https://data.gov.au/data/dataset/cricos
2026-09-30,00114A,Flinders University,039814G,Bachelor of Midwifery,Bachelor Degree,7,060303 - Midwifery,SA,156,"$114,500.00","$2,172.00",No,http://www.flinders.edu.au/,https://data.gov.au/data/dataset/cricos
2026-09-30,00114A,Flinders University,002701K,Bachelor of Nursing (Graduate Entry),Bachelor Degree,7,060301 - General Nursing,SA,104,"$74,600.00","$1,454.00",No,http://www.flinders.edu.au/,https://data.gov.au/data/dataset/cricos
2026-09-30,00114A,Flinders University,005195K,Bachelor of Nursing (Pre-Registration),Bachelor Degree,7,060301 - General Nursing,SA,156,"$114,500.00","$2,172.00",No,http://www.flinders.edu.au/,https://data.gov.au/data/dataset/cricos
2026-09-30,00233E,Griffith University,103304E,Bachelor of Midwifery,Bachelor Degree,7,060303 - Midwifery,QLD,156,"$127,273.00","$2,882.00",No,https://www.griffith.edu.au,https://data.gov.au/data/dataset/cricos
2026-09-30,00233E,Griffith University,002436M,Bachelor of Nursing,Bachelor Degree,7,060301 - General Nursing,QLD,156,"$127,273.00","$2,882.00",No,https://www.griffith.edu.au,https://data.gov.au/data/dataset/cricos
2026-09-30,00012G,Holmesglen Institute,103159J,Bachelor of Nursing,Bachelor Degree,7,060301 - General Nursing,VIC,156,"$103,590.00",$735.00,No,https://www.holmesglen.edu.au,https://data.gov.au/data/dataset/cricos
2026-09-30,03407G,Institute of Health & Management Pty Ltd,118071E,Bachelor of Nursing,Bachelor Degree,7,060301 - General Nursing,NSW QLD VIC WA,156,"$108,250.00",$250.00,No,https://www.ihm.edu.au,https://data.gov.au/data/dataset/cricos
2026-09-30,00117J,James Cook University,119970F,Bachelor of Midwifery,Bachelor Degree,7,060303 - Midwifery,QLD,154,"$119,782.00",$0.00,No,https://www.jcu.edu.au,https://data.gov.au/data/dataset/cricos
2026-09-30,00117J,James Cook University,010441C,Bachelor of Nursing Science,Bachelor Degree,7,060301 - General Nursing,QLD,156,"$119,761.56",$0.00,No,https://www.jcu.edu.au,https://data.gov.au/data/dataset/cricos
2026-09-30,00115M,La Trobe University (La Trobe),113570D,Bachelor of Nursing,Bachelor Degree,7,060301 - General Nursing,VIC,156,"$133,800.00",$0.00,No,http://www.latrobe.edu.au/international,https://data.gov.au/data/dataset/cricos
2026-09-30,00115M,La Trobe University (La Trobe),113572B,Bachelor of Nursing (Enrolled Nurse),Bachelor Degree,7,060301 - General Nursing,VIC,104,"$89,200.00",$0.00,No,http://www.latrobe.edu.au/international,https://data.gov.au/data/dataset/cricos
2026-09-30,00115M,La Trobe University (La Trobe),113571C,Bachelor of Nursing (Pathway),Bachelor Degree,7,060301 - General Nursing,VIC,104,"$89,200.00",$0.00,No,http://www.latrobe.edu.au/international,https://data.gov.au/data/dataset/cricos
2026-09-30,00115M,La Trobe University (La Trobe),020935J,Bachelor of Nursing (Pre-Registration),Bachelor Degree,7,060301 - General Nursing,VIC,156,"$126,600.00",$0.00,No,http://www.latrobe.edu.au/international,https://data.gov.au/data/dataset/cricos
2026-09-30,00115M,La Trobe University (La Trobe),113662M,Bachelor of Nursing/Bachelor of Psychological Science,Bachelor Degree,7,060301 - General Nursing,VIC,208,"$178,400.00",$0.00,No,http://www.latrobe.edu.au/international,https://data.gov.au/data/dataset/cricos
2026-09-30,00008C,Monash University (Monash),075119J,Bachelor of Nursing,Bachelor Degree,7,060301 - General Nursing,VIC,156,"$141,989.00",$0.00,No,https://www.monash.edu.au,https://data.gov.au/data/dataset/cricos
2026-09-30,00125J,Murdoch University (Murdoch),050228K,Bachelor of Nursing,Bachelor Degree,7,060301 - General Nursing,WA,156,"$126,750.00","$1,095.00",No,https://www.murdoch.edu.au,https://data.gov.au/data/dataset/cricos
2026-09-30,00125J,Murdoch University (Murdoch),102199J,Bachelor of Nursing,Bachelor Degree,7,"060399 - Nursing, n.e.c.",WA,182,"$126,750.00","$1,277.50",No,https://www.murdoch.edu.au,https://data.gov.au/data/dataset/cricos
2026-09-30,00125J,Murdoch University (Murdoch),116844C,Bachelor of Nursing,Bachelor Degree,7,060301 - General Nursing,WA,156,"$126,750.00","$1,278.00",No,https://www.murdoch.edu.au,https://data.gov.au/data/dataset/cricos
2026-09-30,00125J,Murdoch University (Murdoch),055565G,Bachelor of Nursing Conversion,Bachelor Degree,7,"060300 - Nursing, n.f.d.",,52,"$33,120.00",$365.00,No,https://www.murdoch.edu.au,https://data.gov.au/data/dataset/cricos
2026-09-30,00213J,Queensland University of Technology (QUT),003501K,Bachelor of Nursing,Bachelor Degree,7,060301 - General Nursing,QLD,156,"$133,700.00","$2,600.00",No,https://www.qut.edu.au,https://data.gov.au/data/dataset/cricos
2026-09-30,00213J,Queensland University of Technology (QUT),065615J,Bachelor of Nursing/Bachelor of Behavioural Science (Psychology),Bachelor Degree,7,"060300 - Nursing, n.f.d.",QLD,208,"$149,000.00","$3,600.00",No,https://www.qut.edu.au,https://data.gov.au/data/dataset/cricos
2026-09-30,00213J,Queensland University of Technology (QUT),077687E,Bachelor of Nursing/Bachelor of Public Health,Bachelor Degree,7,"060300 - Nursing, n.f.d.",QLD,208,"$197,000.00","$3,800.00",No,https://www.qut.edu.au,https://data.gov.au/data/dataset/cricos
2026-09-30,00122A,Royal Melbourne Institute of Technology,023212J,Bachelor of Nursing,Bachelor Degree,7,060301 - General Nursing,VIC,156,"$141,120.00","$1,158.00",No,https://www.rmit.edu.au,https://data.gov.au/data/dataset/cricos
2026-09-30,00122A,Royal Melbourne Institute of Technology,114027H,Bachelor of Nursing,Bachelor Degree,7,060301 - General Nursing,VIC,156,"$141,120.00","$1,158.00",No,https://www.rmit.edu.au,https://data.gov.au/data/dataset/cricos
2026-09-30,01241G,Southern Cross University (SCU),078636G,Bachelor of Midwifery,Bachelor Degree,7,060303 - Midwifery,NSW QLD,156,"$78,000.00","$6,000.00",No,https://www.scu.edu.au,https://data.gov.au/data/dataset/cricos
2026-09-30,01241G,Southern Cross University (SCU),016165C,Bachelor of Nursing,Bachelor Degree,7,"060300 - Nursing, n.f.d.",NSW QLD,156,"$78,000.00","$6,000.00",No,https://www.scu.edu.au,https://data.gov.au/data/dataset/cricos
2026-09-30,01241G,Southern Cross University (SCU),093295K,Bachelor of Nursing - Enrolled Nurse to Registered Nurse Pathway,Bachelor Degree,7,060301 - General Nursing,NSW QLD,104,"$78,000.00","$6,000.00",No,https://www.scu.edu.au,https://data.gov.au/data/dataset/cricos
2026-09-30,00111D,Swinburne University of Technology,097923K,Bachelor of Nursing,Bachelor Degree,7,"060300 - Nursing, n.f.d.",VIC,156,"$143,100.00",$0.00,No,https://www.swinburne.edu.au/international,https://data.gov.au/data/dataset/cricos
2026-09-30,03020E,TAFE Queensland,114595J,Bachelor of Nursing,Bachelor Degree,7,060301 - General Nursing,QLD,156,"$102,000.00","$1,900.00",No,https://www.tafeqld.edu.au,https://data.gov.au/data/dataset/cricos
2026-09-30,00109J,The University of Newcastle (UoN),106657M,Bachelor of Nursing,Bachelor Degree,7,"060300 - Nursing, n.f.d.",NSW,156,"$139,373.00","$1,176.00",No,https://www.newcastle.edu.au,https://data.gov.au/data/dataset/cricos
2026-09-30,01032F,The University of Notre Dame Australia,032049G,Bachelor of Nursing,Bachelor Degree,7,060301 - General Nursing,WA,156,"$112,299.00","$2,948.00",No,https://www.nd.edu.au,https://data.gov.au/data/dataset/cricos
2026-09-30,01032F,The University of Notre Dame Australia,083619M,Bachelor of Nursing,Bachelor Degree,7,060301 - General Nursing,NSW,156,"$112,299.00","$2,948.00",No,https://www.nd.edu.au,https://data.gov.au/data/dataset/cricos
2026-09-30,01032F,The University of Notre Dame Australia,109029D,Bachelor of Nursing,Bachelor Degree,7,"060399 - Nursing, n.e.c.",NSW WA,156,"$152,888.00","$1,095.00",No,https://www.nd.edu.au,https://data.gov.au/data/dataset/cricos
2026-09-30,00025B,The University of Queensland,058541C,Bachelor of Midwifery,Bachelor Degree,7,060303 - Midwifery,QLD,156,"$113,031.00","$3,109.00",No,https://www.uq.edu.au,https://data.gov.au/data/dataset/cricos
2026-09-30,00025B,The University of Queensland,050456J,Bachelor of Nursing,Bachelor Degree,7,060301 - General Nursing,QLD,156,"$120,724.00","$3,109.00",No,https://www.uq.edu.au,https://data.gov.au/data/dataset/cricos
2026-09-30,00025B,The University of Queensland,062637E,Bachelor of Nursing/Bachelor of Midwifery,Bachelor Degree,7,"060300 - Nursing, n.f.d.; 060303 - Midwifery",QLD,208,"$159,656.00","$4,362.00",No,https://www.uq.edu.au,https://data.gov.au/data/dataset/cricos
2026-09-30,00026A,The University of Sydney,074088G,Bachelor of Nursing (Advanced Studies),Bachelor Degree,7,060301 - General Nursing,NSW,156,"$163,000.00","$1,175.45",No,http://sydney.edu.au,https://data.gov.au/data/dataset/cricos
2026-09-30,00026A,The University of Sydney,117617F,Bachelor of Nursing (Advanced Studies),Bachelor Degree,7,060301 - General Nursing,NSW,156,"$163,000.00","$1,614.45",No,http://sydney.edu.au,https://data.gov.au/data/dataset/cricos
2026-09-30,03389E,Torrens University Australia Limited,0100910,Bachelor of Nursing,Bachelor Degree,7,"060399 - Nursing, n.e.c.",NSW QLD SA VIC,156,"$105,000.00",$0.00,No,https://www.torrens.edu.au,https://data.gov.au/data/dataset/cricos
2026-09-30,00212K,University of Canberra,096888E,Bachelor of Midwifery,Bachelor Degree,7,060303 - Midwifery,ACT,156,"$114,000.00","$1,119.00",No,https://www.canberra.edu.au,https://data.gov.au/data/dataset/cricos
2026-09-30,00212K,University of Canberra,095076E,Bachelor of Nursing,Bachelor Degree,7,060301 - General Nursing,ACT NSW,156,"$114,000.00","$1,119.00",No,https://www.canberra.edu.au,https://data.gov.au/data/dataset/cricos
2026-09-30,00003G,University of New England,008620G,Bachelor of Nursing,Bachelor Degree,7,"060399 - Nursing, n.e.c.",NSW,159,"$102,528.00","$5,000.00",No,https://www.une.edu.au,https://data.gov.au/data/dataset/cricos
2026-09-30,00244B,University of Southern Queensland,093153B,Bachelor of Nursing,Bachelor Degree,7,"060399 - Nursing, n.e.c.",QLD,156,"$100,800.00",$0.00,No,http://www.usq.edu.au/study/international,https://data.gov.au/data/dataset/cricos
2026-09-30,00586B,University of Tasmania (UTas),102253H,Bachelor of Nursing,Bachelor Degree,7,060301 - General Nursing,NSW TAS,156,"$135,399.88",$0.00,No,https://www.utas.edu.au/international,https://data.gov.au/data/dataset/cricos
2026-09-30,00586B,University of Tasmania (UTas),102252J,Bachelor of Nursing (Accelerated),Bachelor Degree,7,060301 - General Nursing,NSW TAS,104,"$122,790.00",$0.00,No,https://www.utas.edu.au/international,https://data.gov.au/data/dataset/cricos
2026-09-30,00099F,University of Technology Sydney (UTS),019877B,Bachelor of Nursing,Bachelor Degree,7,060301 - General Nursing,NSW,156,"$153,045.00","$3,600.00",No,https://www.uts.edu.au,https://data.gov.au/data/dataset/cricos
2026-09-30,00099F,University of Technology Sydney (UTS),088063B,Bachelor of Nursing Bachelor of Creative Intelligence and Innovation,Bachelor Degree,7,"060399 - Nursing, n.e.c.",NSW,208,"$255,075.00","$6,000.00",No,https://www.uts.edu.au,https://data.gov.au/data/dataset/cricos
2026-09-30,00099F,University of Technology Sydney (UTS),026198M,Bachelor of Nursing Bachelor of International Studies,Bachelor Degree,7,060301 - General Nursing,NSW,260,"$255,075.00","$6,000.00",No,https://www.uts.edu.au,https://data.gov.au/data/dataset/cricos
2026-09-30,00102E,University of Wollongong (UoW),098260C,Bachelor of Nursing,Bachelor Degree,7,060301 - General Nursing,NSW,156,"$109,872.00","$1,095.00",No,https://www.uow.edu.au,https://data.gov.au/data/dataset/cricos
2026-09-30,00102E,University of Wollongong (UoW),113585H,Bachelor of Nursing,Bachelor Degree,7,060301 - General Nursing,NSW,156,"$109,872.00","$1,095.00",No,https://www.uow.edu.au,https://data.gov.au/data/dataset/cricos
2026-09-30,00102E,University of Wollongong (UoW),085515C,Bachelor of Nursing (Conversion),Bachelor Degree,7,060301 - General Nursing,NSW,48,"$35,808.00",$365.00,No,https://www.uow.edu.au,https://data.gov.au/data/dataset/cricos
2026-09-30,01595D,University of the Sunshine Coast,078086M,Bachelor of Nursing Science,Bachelor Degree,7,060301 - General Nursing,QLD,165,"$97,500.00",$0.00,No,https://www.usc.edu.au,https://data.gov.au/data/dataset/cricos
2026-09-30,01595D,University of the Sunshine Coast,072637M,Bachelor of Nursing Science: Graduate Entry,Bachelor Degree,7,"060399 - Nursing, n.e.c.",QLD,113,"$67,031.25",$0.00,No,https://www.usc.edu.au,https://data.gov.au/data/dataset/cricos
2026-09-30,00124K,Victoria University,105376F,Bachelor of Midwifery/Bachelor of Nursing,Bachelor Degree,7,060303 - Midwifery,VIC,208,"$187,616.00",$650.00,No,http://www.vu.edu.au/,https://data.gov.au/data/dataset/cricos
2026-09-30,00124K,Victoria University,080229E,Bachelor of Nursing,Bachelor Degree,7,060301 - General Nursing,VIC,156,"$134,458.00",$0.00,No,http://www.vu.edu.au/,https://data.gov.au/data/dataset/cricos
2026-09-30,00124K,Victoria University,062982K,Bachelor of Nursing (Pre-Registration),Bachelor Degree,7,060301 - General Nursing,VIC,156,"$55,800.00",$0.00,No,http://www.vu.edu.au/,https://data.gov.au/data/dataset/cricos
2026-09-30,00917K,Western Sydney University,041099M,Bachelor of Nursing,Bachelor Degree,7,060301 - General Nursing,NSW,156,"$116,496.00",$900.00,No,https://www.westernsydney.edu.au,https://data.gov.au/data/dataset/cricos
2026-09-30,00004G,Australian Catholic University Limited,061896E,Bachelor of Nursing (Honours),Bachelor Honours Degree,8,060301 - General Nursing,ACT NSW QLD VIC,52,"$39,672.00",$400.00,No,https://www.acu.edu.au,https://data.gov.au/data/dataset/cricos
2026-09-30,00113B,Deakin University (Deakin),006227K,Bachelor of Nursing (Honours),Bachelor Honours Degree,8,060301 - General Nursing,VIC,52,"$44,600.00",$0.00,No,http://www.deakin.edu.au/,https://data.gov.au/data/dataset/cricos
2026-09-30,00233E,Griffith University,081363B,Bachelor of Midwifery (Honours),Bachelor Honours Degree,8,060303 - Midwifery,QLD,52,"$42,499.00","$1,037.00",No,https://www.griffith.edu.au,https://data.gov.au/data/dataset/cricos
2026-09-30,00233E,Griffith University,081361D,Bachelor of Nursing (Honours),Bachelor Honours Degree,8,060301 - General Nursing,QLD,52,"$42,499.00","$1,037.00",No,https://www.griffith.edu.au,https://data.gov.au/data/dataset/cricos
2026-09-30,00008C,Monash University (Monash),072592G,Bachelor of Nursing (Honours),Bachelor Honours Degree,8,060301 - General Nursing,VIC,52,"$44,600.00",$0.00,No,https://www.monash.edu.au,https://data.gov.au/data/dataset/cricos
2026-09-30,00008C,Monash University (Monash),089708F,Bachelor of Nursing and Bachelor of Midwifery (Honours),Bachelor Honours Degree,8,060301 - General Nursing; 060303 - Midwifery,VIC,208,"$195,108.00",$0.00,No,https://www.monash.edu.au,https://data.gov.au/data/dataset/cricos
2026-09-30,00109J,The University of Newcastle (UoN),095696K,Bachelor of Nursing (Honours),Bachelor Honours Degree,8,060301 - General Nursing,NSW,52,"$43,530.00",$373.00,No,https://www.newcastle.edu.au,https://data.gov.au/data/dataset/cricos
2026-09-30,00025B,The University of Queensland,082963C,Bachelor of Midwifery (Honours),Bachelor Honours Degree,8,060303 - Midwifery,QLD,52,"$36,569.00","$1,125.00",No,https://www.uq.edu.au,https://data.gov.au/data/dataset/cricos
2026-09-30,00025B,The University of Queensland,082960F,Bachelor of Nursing (Honours),Bachelor Honours Degree,8,060301 - General Nursing,QLD,52,"$37,920.00","$1,125.00",No,https://www.uq.edu.au,https://data.gov.au/data/dataset/cricos
2026-09-30,00026A,The University of Sydney,077819J,Bachelor of Nursing (Honours),Bachelor Honours Degree,8,"060399 - Nursing, n.e.c.",NSW,52,"$51,700.00",$386.00,No,http://sydney.edu.au,https://data.gov.au/data/dataset/cricos
2026-09-30,00126G,The University of Western Australia (UWA),119495F,Bachelor of Nursing (Honours),Bachelor Honours Degree,8,060301 - General Nursing,WA,208,"$181,200.00","$1,460.00",No,http://www.uwa.edu.au/,https://data.gov.au/data/dataset/cricos
2026-09-30,00099F,University of Technology Sydney (UTS),015936F,Bachelor of Nursing (Honours),Bachelor Honours Degree,8,060301 - General Nursing,NSW,52,"$51,015.00","$1,200.00",No,https://www.uts.edu.au,https://data.gov.au/data/dataset/cricos
2026-09-30,00099F,University of Technology Sydney (UTS),111249G,Bachelor of Nursing Bachelor of International Studies (Honours),Bachelor Honours Degree,8,060301 - General Nursing,NSW,260,"$255,075.00","$6,000.00",No,https://www.uts.edu.au,https://data.gov.au/data/dataset/cricos
2026-09-30,00102E,University of Wollongong (UoW),012095M,Bachelor of Nursing (Honours),Bachelor Honours Degree,8,060301 - General Nursing,NSW,52,"$36,624.00",$365.00,No,https://www.uow.edu.au,https://data.gov.au/data/dataset/cricos
2026-09-30,04249J,Adelaide University,115821G,Graduate Certificate in Midwifery,Graduate Certificate,8,060303 - Midwifery,SA,26,"$20,000.00",$0.00,No,,https://data.gov.au/data/dataset/cricos
2026-09-30,04249J,Adelaide University,115823E,Graduate Certificate in Nursing,Graduate Certificate,8,"060300 - Nursing, n.f.d.",SA,26,"$20,000.00",$0.00,No,,https://data.gov.au/data/dataset/cricos
2026-09-30,00300K,Charles Darwin University (CDU),112399G,Graduate Certificate of Maternal Critical Care,Graduate Certificate,8,060303 - Midwifery,NSW,26,"$19,329.00",$184.00,No,https://www.cdu.edu.au,https://data.gov.au/data/dataset/cricos
2026-09-30,00301J,Curtin University,108521M,Graduate Certificate in Diabetes Studies,Graduate Certificate,8,"060300 - Nursing, n.f.d.",WA,26,"$17,430.00",$0.00,No,https://www.curtin.edu.au,https://data.gov.au/data/dataset/cricos
2026-09-30,03407G,Institute of Health & Management Pty Ltd,107773K,Graduate Certificate in Advanced Nursing,Graduate Certificate,8,"060399 - Nursing, n.e.c.",NSW QLD VIC WA,26,"$12,000.00",$250.00,No,https://www.ihm.edu.au,https://data.gov.au/data/dataset/cricos
2026-09-30,00008C,Monash University (Monash),0100913,Graduate Certificate of Australian Nursing Studies,Graduate Certificate,8,060301 - General Nursing,VIC,26,"$19,400.00",$0.00,No,https://www.monash.edu.au,https://data.gov.au/data/dataset/cricos
2026-09-30,00102E,University of Wollongong (UoW),065469C,Graduate Certificate in Nursing,Graduate Certificate,8,060301 - General Nursing,NSW,26,"$17,784.00",$182.50,No,https://www.uow.edu.au,https://data.gov.au/data/dataset/cricos
2026-09-30,00917K,Western Sydney University,110150D,Graduate Certificate in Health Support (exit only),Graduate Certificate,8,060301 - General Nursing,NSW,26,"$19,800.00",$150.00,Yes,https://www.westernsydney.edu.au,https://data.gov.au/data/dataset/cricos
2026-09-30,04249J,Adelaide University,115871H,Graduate Diploma in Midwifery,Graduate Diploma,8,060303 - Midwifery,SA,52,"$40,000.00",$0.00,No,,https://data.gov.au/data/dataset/cricos
2026-09-30,04249J,Adelaide University,115875D,Graduate Diploma in Nursing,Graduate Diploma,8,"060300 - Nursing, n.f.d.",SA,52,"$40,000.00",$41.00,No,,https://data.gov.au/data/dataset/cricos
2026-09-30,04249J,Adelaide University,115888K,Graduate Diploma in Women's Health,Graduate Diploma,8,"060300 - Nursing, n.f.d.",SA,52,"$40,000.00",$0.00,No,,https://data.gov.au/data/dataset/cricos
2026-09-30,00301J,Curtin University,096307J,Graduate Diploma in Clinical Leadership,Graduate Diploma,8,"060300 - Nursing, n.f.d.",WA,52,"$34,600.00",$0.00,No,https://www.curtin.edu.au,https://data.gov.au/data/dataset/cricos
2026-09-30,00114A,Flinders University,088942D,Graduate Diploma in Nursing (Acute Care),Graduate Diploma,8,060309 - Critical Care Nursing,SA,52,"$34,000.00",$789.00,No,http://www.flinders.edu.au/,https://data.gov.au/data/dataset/cricos
2026-09-30,00114A,Flinders University,088948J,Graduate Diploma in Nursing (Primary Health Care),Graduate Diploma,8,"060399 - Nursing, n.e.c.",SA,52,"$34,000.00",$789.00,No,http://www.flinders.edu.au/,https://data.gov.au/data/dataset/cricos
2026-09-30,00122A,Royal Melbourne Institute of Technology,073315K,Graduate Diploma in Mental Health Nursing,Graduate Diploma,8,060305 - Mental Health Nursing,VIC,52,"$38,400.00",$386.00,No,https://www.rmit.edu.au,https://data.gov.au/data/dataset/cricos
2026-09-30,00116K,The University of Melbourne (UniMelb),059231J,Graduate Diploma in Nursing Practice,Graduate Diploma,8,060301 - General Nursing,VIC,52,"$46,624.00",$154.00,No,http://www.unimelb.edu.au/,https://data.gov.au/data/dataset/cricos
2026-09-30,00026A,The University of Sydney,084692E,Graduate Diploma in Advanced Nursing Practice,Graduate Diploma,8,"060399 - Nursing, n.e.c.",NSW,52,"$48,900.00",$365.00,No,http://sydney.edu.au,https://data.gov.au/data/dataset/cricos
2026-09-30,00026A,The University of Sydney,068768A,Graduate Diploma in Cancer and Haematology Nursing,Graduate Diploma,8,"060399 - Nursing, n.e.c.",NSW,52,"$48,900.00",$365.00,No,http://sydney.edu.au,https://data.gov.au/data/dataset/cricos
2026-09-30,00026A,The University of Sydney,068770G,Graduate Diploma in Emergency Nursing,Graduate Diploma,8,"060399 - Nursing, n.e.c.",NSW,52,"$48,900.00",$365.00,No,http://sydney.edu.au,https://data.gov.au/data/dataset/cricos
2026-09-30,00026A,The University of Sydney,068771F,Graduate Diploma in Intensive Care Nursing,Graduate Diploma,8,060309 - Critical Care Nursing,NSW,52,"$48,900.00",$365.00,No,http://sydney.edu.au,https://data.gov.au/data/dataset/cricos
2026-09-30,00026A,The University of Sydney,068772E,Graduate Diploma in Mental Health Nursing,Graduate Diploma,8,060305 - Mental Health Nursing,NSW,52,"$48,900.00",$365.00,No,http://sydney.edu.au,https://data.gov.au/data/dataset/cricos
2026-09-30,00026A,The University of Sydney,079240J,Graduate Diploma in Primary Health Care,Graduate Diploma,8,060301 - General Nursing,NSW,52,"$48,900.00",$365.00,No,http://sydney.edu.au,https://data.gov.au/data/dataset/cricos
2026-09-30,00917K,Western Sydney University,110149H,Graduate Diploma in Health Support (exit only),Graduate Diploma,8,060301 - General Nursing,NSW,52,"$39,600.00",$300.00,Yes,https://www.westernsydney.edu.au,https://data.gov.au/data/dataset/cricos
2026-09-30,04249J,Adelaide University,118889G,Master of Clinical Nursing,Masters Degree (Coursework),9,"060300 - Nursing, n.f.d.",SA,104,"$109,800.00",$491.00,No,,https://data.gov.au/data/dataset/cricos
2026-09-30,04249J,Adelaide University,115931A,Master of Midwifery,Masters Degree (Coursework),9,060303 - Midwifery,SA,104,"$70,050.00",$0.00,No,,https://data.gov.au/data/dataset/cricos
2026-09-30,04249J,Adelaide University,115932M,Master of Midwifery (Graduate Entry),Masters Degree (Coursework),9,"060300 - Nursing, n.f.d.",SA,104,"$93,400.00",$0.00,No,,https://data.gov.au/data/dataset/cricos
2026-09-30,04249J,Adelaide University,115936G,Master of Nursing,Masters Degree (Coursework),9,"060300 - Nursing, n.f.d.",SA,104,"$82,350.00",$41.00,No,,https://data.gov.au/data/dataset/cricos
2026-09-30,04249J,Adelaide University,115937F,Master of Nursing (Graduate Entry),Masters Degree (Coursework),9,"060300 - Nursing, n.f.d.",SA,104,"$109,800.00",$0.00,No,,https://data.gov.au/data/dataset/cricos
2026-09-30,00300K,Charles Darwin University (CDU),118951F,Master of Nursing Practice (Pre-Registration),Masters Degree (Coursework),9,060301 - General Nursing,NSW NT,104,"$80,832.00",$736.00,No,https://www.cdu.edu.au,https://data.gov.au/data/dataset/cricos
2026-09-30,00300K,Charles Darwin University (CDU),103124J,Master of Nursing Practice (Pre-registration),Masters Degree (Coursework),9,060301 - General Nursing,NSW NT,104,"$80,832.00",$736.00,No,https://www.cdu.edu.au,https://data.gov.au/data/dataset/cricos
2026-09-30,00005F,Charles Sturt University (CSU),120702E,Master of Nursing (Pre-Registration),Masters Degree (Coursework),9,060301 - General Nursing,NSW,104,"$78,800.00",$736.00,No,https://www.csu.edu.au,https://data.gov.au/data/dataset/cricos
2026-09-30,00301J,Curtin University,108520A,Master of Advanced Practice,Masters Degree (Coursework),9,"060399 - Nursing, n.e.c.",WA,52,"$43,974.00","$1,200.00",No,https://www.curtin.edu.au,https://data.gov.au/data/dataset/cricos
2026-09-30,00301J,Curtin University,114106J,Master of Midwifery,Masters Degree (Coursework),9,060303 - Midwifery,WA,104,"$86,748.00","$1,200.00",No,https://www.curtin.edu.au,https://data.gov.au/data/dataset/cricos
2026-09-30,00301J,Curtin University,064467B,Master of Nursing Practice,Masters Degree (Coursework),9,060301 - General Nursing,WA,104,"$87,556.00","$1,200.00",No,https://www.curtin.edu.au,https://data.gov.au/data/dataset/cricos
2026-09-30,00301J,Curtin University,096303B,Master of Science (Health Practice),Masters Degree (Coursework),9,"060399 - Nursing, n.e.c.",WA,104,"$53,393.00","$1,000.00",No,https://www.curtin.edu.au,https://data.gov.au/data/dataset/cricos
2026-09-30,00279B,Edith Cowan University,096859K,Master of Nursing,Masters Degree (Coursework),9,"060300 - Nursing, n.f.d.",WA,104,"$85,600.00",$0.00,No,https://www.ecu.edu.au,https://data.gov.au/data/dataset/cricos
2026-09-30,00279B,Edith Cowan University,091870M,Master of Nursing (Graduate Entry),Masters Degree (Coursework),9,"060300 - Nursing, n.f.d.",WA,104,"$94,400.00","$5,210.00",No,https://www.ecu.edu.au,https://data.gov.au/data/dataset/cricos
2026-09-30,00279B,Edith Cowan University,119502A,Master of Nursing Studies,Masters Degree (Coursework),9,"060300 - Nursing, n.f.d.",WA,104,"$89,100.00",$0.00,No,https://www.ecu.edu.au,https://data.gov.au/data/dataset/cricos
2026-09-30,00103D,Federation University Australia,097977G,Master of Health (Research Practice),Masters Degree (Coursework),9,060301 - General Nursing,VIC,104,"$53,200.00",$885.00,No,https://www.federation.edu.au,https://data.gov.au/data/dataset/cricos
2026-09-30,00114A,Flinders University,113748E,Master of Nursing,Masters Degree (Coursework),9,060301 - General Nursing,SA,104,"$37,400.00",$0.00,No,http://www.flinders.edu.au/,https://data.gov.au/data/dataset/cricos
2026-09-30,00114A,Flinders University,088943C,Master of Nursing (Acute Care),Masters Degree (Coursework),9,060309 - Critical Care Nursing,SA,78,"$51,700.00","$1,124.00",No,http://www.flinders.edu.au/,https://data.gov.au/data/dataset/cricos
2026-09-30,00114A,Flinders University,088952B,Master of Nursing (Coursework and Research),Masters Degree (Coursework),9,"060399 - Nursing, n.e.c.",SA,78,"$51,700.00","$1,124.00",No,http://www.flinders.edu.au/,https://data.gov.au/data/dataset/cricos
2026-09-30,00114A,Flinders University,088949G,Master of Nursing (Primary Health Care),Masters Degree (Coursework),9,"060399 - Nursing, n.e.c.",SA,78,"$51,700.00","$1,124.00",No,http://www.flinders.edu.au/,https://data.gov.au/data/dataset/cricos
2026-09-30,00233E,Griffith University,115558F,Master of Nursing Science,Masters Degree (Coursework),9,"060399 - Nursing, n.e.c.",QLD,78,"$59,932.00","$1,487.00",No,https://www.griffith.edu.au,https://data.gov.au/data/dataset/cricos
2026-09-30,03407G,Institute of Health & Management Pty Ltd,105600C,Master of Nursing,Masters Degree (Coursework),9,"060399 - Nursing, n.e.c.",NSW QLD VIC WA,104,"$48,000.00",$250.00,No,https://www.ihm.edu.au,https://data.gov.au/data/dataset/cricos
2026-09-30,00115M,La Trobe University (La Trobe),107440J,Master of Nursing,Masters Degree (Coursework),9,"060300 - Nursing, n.f.d.",VIC,104,"$80,000.00",$0.00,No,http://www.latrobe.edu.au/international,https://data.gov.au/data/dataset/cricos
2026-09-30,00115M,La Trobe University (La Trobe),117009H,Master of Nursing Practice,Masters Degree (Coursework),9,060301 - General Nursing,VIC,104,"$90,000.00",$0.00,No,http://www.latrobe.edu.au/international,https://data.gov.au/data/dataset/cricos
2026-09-30,00002J,Macquarie University (Macquarie),117555D,Master of Nursing,Masters Degree (Coursework),9,"060300 - Nursing, n.f.d.",NSW,104,"$85,680.00",$746.00,No,https://www.mq.edu.au,https://data.gov.au/data/dataset/cricos
2026-09-30,00008C,Monash University (Monash),089233C,Master of Advanced Nursing,Masters Degree (Coursework),9,060301 - General Nursing,VIC,78,"$91,876.00",$0.00,No,https://www.monash.edu.au,https://data.gov.au/data/dataset/cricos
2026-09-30,00008C,Monash University (Monash),098319M,Master of Advanced Nursing,Masters Degree (Coursework),9,060301 - General Nursing,VIC,104,"$91,876.00",$0.00,No,https://www.monash.edu.au,https://data.gov.au/data/dataset/cricos
2026-09-30,00008C,Monash University (Monash),068373J,Master of Nursing Practice,Masters Degree (Coursework),9,060301 - General Nursing,VIC,104,"$97,644.00",$0.00,No,https://www.monash.edu.au,https://data.gov.au/data/dataset/cricos
2026-09-30,00213J,Queensland University of Technology (QUT),096267A,Master of Advanced Practice Nursing,Masters Degree (Coursework),9,"060399 - Nursing, n.e.c.",QLD,78,"$61,500.00","$1,400.00",No,https://www.qut.edu.au,https://data.gov.au/data/dataset/cricos
2026-09-30,00213J,Queensland University of Technology (QUT),113901A,Master of Nursing,Masters Degree (Coursework),9,"060399 - Nursing, n.e.c.",QLD,78,"$61,600.00","$1,400.00",No,https://www.qut.edu.au,https://data.gov.au/data/dataset/cricos
2026-09-30,00213J,Queensland University of Technology (QUT),107928G,Master of Nursing (Entry to Practice),Masters Degree (Coursework),9,060301 - General Nursing,QLD,104,"$91,700.00","$1,800.00",No,https://www.qut.edu.au,https://data.gov.au/data/dataset/cricos
2026-09-30,01241G,Southern Cross University (SCU),113008H,Master of Nursing (Graduate Entry),Masters Degree (Coursework),9,060301 - General Nursing,NSW QLD,104,"$72,000.00","$4,000.00",No,https://www.scu.edu.au,https://data.gov.au/data/dataset/cricos
2026-09-30,00116K,The University of Melbourne (UniMelb),085339C,Master of Advanced Nursing,Masters Degree (Coursework),9,060301 - General Nursing,VIC,78,"$72,268.00",$154.00,No,http://www.unimelb.edu.au/,https://data.gov.au/data/dataset/cricos
2026-09-30,00116K,The University of Melbourne (UniMelb),114963A,Master of Advanced Nursing Practice/Master of Public Health,Masters Degree (Coursework),9,"060399 - Nursing, n.e.c.",VIC,104,"$78,624.00",$280.00,No,http://www.unimelb.edu.au/,https://data.gov.au/data/dataset/cricos
2026-09-30,00116K,The University of Melbourne (UniMelb),061211F,Master of Nursing Science,Masters Degree (Coursework),9,060301 - General Nursing,VIC,104,"$97,911.00",$154.00,No,http://www.unimelb.edu.au/,https://data.gov.au/data/dataset/cricos
2026-09-30,00109J,The University of Newcastle (UoN),098482M,Master of Midwifery Studies,Masters Degree (Coursework),9,060303 - Midwifery,NSW,52,"$54,156.00",$373.00,No,https://www.newcastle.edu.au,https://data.gov.au/data/dataset/cricos
2026-09-30,00109J,The University of Newcastle (UoN),097897G,Master of Nursing,Masters Degree (Coursework),9,"060300 - Nursing, n.f.d.",NSW,52,"$47,605.00",$373.00,No,https://www.newcastle.edu.au,https://data.gov.au/data/dataset/cricos
2026-09-30,00025B,The University of Queensland,069418D,Master of Nursing (Graduate Entry),Masters Degree (Coursework),9,"060300 - Nursing, n.f.d.",QLD,104,"$72,875.00","$2,111.00",No,https://www.uq.edu.au,https://data.gov.au/data/dataset/cricos
2026-09-30,00026A,The University of Sydney,069877K,Bachelor of Arts and Master of Nursing,Masters Degree (Coursework),9,"060399 - Nursing, n.e.c.",NSW,208,"$209,180.00","$1,521.58",No,http://sydney.edu.au,https://data.gov.au/data/dataset/cricos
2026-09-30,00026A,The University of Sydney,117619D,Bachelor of Arts and Master of Nursing,Masters Degree (Coursework),9,"060399 - Nursing, n.e.c.",NSW,208,"$237,600.00","$2,018.08",No,http://sydney.edu.au,https://data.gov.au/data/dataset/cricos
2026-09-30,00026A,The University of Sydney,069880D,Bachelor of Science and Master of Nursing,Masters Degree (Coursework),9,"060399 - Nursing, n.e.c.",NSW,208,"$224,240.00","$1,521.58",No,http://sydney.edu.au,https://data.gov.au/data/dataset/cricos
2026-09-30,00026A,The University of Sydney,117620M,Bachelor of Science and Master of Nursing,Masters Degree (Coursework),9,"060399 - Nursing, n.e.c.",NSW,208,"$262,900.00","$2,018.08",No,http://sydney.edu.au,https://data.gov.au/data/dataset/cricos
2026-09-30,00026A,The University of Sydney,084691F,Master of Advanced Nursing Practice,Masters Degree (Coursework),9,"060399 - Nursing, n.e.c.",NSW,78,"$61,490.00",$553.16,No,http://sydney.edu.au,https://data.gov.au/data/dataset/cricos
2026-09-30,00026A,The University of Sydney,068705E,Master of Cancer and Haematology Nursing,Masters Degree (Coursework),9,"060399 - Nursing, n.e.c.",NSW,78,"$74,080.00",$553.16,No,http://sydney.edu.au,https://data.gov.au/data/dataset/cricos
2026-09-30,00026A,The University of Sydney,068708B,Master of Emergency Nursing,Masters Degree (Coursework),9,"060399 - Nursing, n.e.c.",NSW,78,"$74,080.00",$553.16,No,http://sydney.edu.au,https://data.gov.au/data/dataset/cricos
2026-09-30,00026A,The University of Sydney,068709A,Master of Intensive Care Nursing,Masters Degree (Coursework),9,060309 - Critical Care Nursing,NSW,78,"$74,080.00",$553.16,No,http://sydney.edu.au,https://data.gov.au/data/dataset/cricos
2026-09-30,00026A,The University of Sydney,068710G,Master of Mental Health Nursing,Masters Degree (Coursework),9,060305 - Mental Health Nursing,NSW,78,"$74,080.00",$553.16,No,http://sydney.edu.au,https://data.gov.au/data/dataset/cricos
2026-09-30,00026A,The University of Sydney,068773D,Master of Nursing,Masters Degree (Coursework),9,"060399 - Nursing, n.e.c.",NSW,104,"$110,500.00",$777.79,No,http://sydney.edu.au,https://data.gov.au/data/dataset/cricos
2026-09-30,00026A,The University of Sydney,117618E,Master of Nursing,Masters Degree (Coursework),9,"060399 - Nursing, n.e.c.",NSW,104,"$110,500.00","$1,216.79",No,http://sydney.edu.au,https://data.gov.au/data/dataset/cricos
2026-09-30,00026A,The University of Sydney,079241G,Master of Primary Health Care,Masters Degree (Coursework),9,060301 - General Nursing,NSW,78,"$61,490.00",$553.16,No,http://sydney.edu.au,https://data.gov.au/data/dataset/cricos
2026-09-30,00212K,University of Canberra,103873E,Master of Nursing Practice (Graduate Entry),Masters Degree (Coursework),9,060301 - General Nursing,ACT NSW,104,"$79,000.00",$746.00,No,https://www.canberra.edu.au,https://data.gov.au/data/dataset/cricos
2026-09-30,00003G,University of New England,117406F,Master of Nursing Practice (Preregistration),Masters Degree (Coursework),9,060301 - General Nursing,NSW,131,"$85,190.00","$5,000.00",No,https://www.une.edu.au,https://data.gov.au/data/dataset/cricos
2026-09-30,00102E,University of Wollongong (UoW),083832F,Master of Nursing,Masters Degree (Coursework),9,060301 - General Nursing,NSW,78,"$53,352.00",$547.50,No,https://www.uow.edu.au,https://data.gov.au/data/dataset/cricos
2026-09-30,00102E,University of Wollongong (UoW),083835C,Master of Nursing (Mental Health),Masters Degree (Coursework),9,060305 - Mental Health Nursing,NSW,78,"$53,640.00",$547.50,No,https://www.uow.edu.au,https://data.gov.au/data/dataset/cricos
2026-09-30,00102E,University of Wollongong (UoW),108467A,Master of Nursing (Pre-Registration),Masters Degree (Coursework),9,060301 - General Nursing,NSW,104,"$81,396.00",$775.63,No,https://www.uow.edu.au,https://data.gov.au/data/dataset/cricos
2026-09-30,00102E,University of Wollongong (UoW),089204G,Master of Nursing International,Masters Degree (Coursework),9,060301 - General Nursing,NSW,104,"$70,176.00",$730.00,No,https://www.uow.edu.au,https://data.gov.au/data/dataset/cricos
2026-09-30,01595D,University of the Sunshine Coast,080425A,Master of Nursing (Clinical Leadership),Masters Degree (Coursework),9,"060399 - Nursing, n.e.c.",QLD,78,"$48,630.00",$0.00,No,https://www.usc.edu.au,https://data.gov.au/data/dataset/cricos
2026-09-30,00917K,Western Sydney University,085665M,Master of Nursing,Masters Degree (Coursework),9,060301 - General Nursing,NSW,78,"$58,104.00",$450.00,No,https://www.westernsydney.edu.au,https://data.gov.au/data/dataset/cricos
2026-09-30,00917K,Western Sydney University,086213J,Master of Nursing (Professional Studies),Masters Degree (Coursework),9,060301 - General Nursing,NSW,104,"$77,472.00",$600.00,No,https://www.westernsydney.edu.au,https://data.gov.au/data/dataset/cricos
2026-09-30,00917K,Western Sydney University,108310M,Master of Nursing Practice (Preregistration),Masters Degree (Coursework),9,060301 - General Nursing,NSW,104,"$84,150.00",$600.00,No,https://www.westernsydney.edu.au,https://data.gov.au/data/dataset/cricos
2026-09-30,00113B,Deakin University (Deakin),006254G,Master of Nursing,Masters Degree (Research),9,060301 - General Nursing,VIC,104,"$70,532.00",$0.00,No,http://www.deakin.edu.au/,https://data.gov.au/data/dataset/cricos
2026-09-30,00279B,Edith Cowan University,099202E,Master of Midwifery (Research),Masters Degree (Research),9,060303 - Midwifery,WA,104,"$88,800.00",$0.00,No,https://www.ecu.edu.au,https://data.gov.au/data/dataset/cricos
2026-09-30,00279B,Edith Cowan University,099201F,Master of Nursing (Research),Masters Degree (Research),9,"060300 - Nursing, n.f.d.",WA,104,"$88,800.00",$0.00,No,https://www.ecu.edu.au,https://data.gov.au/data/dataset/cricos
2026-09-30,00103D,Federation University Australia,092872A,Master of Nursing,Masters Degree (Research),9,060301 - General Nursing,QLD VIC,78,"$44,250.00",$885.00,No,https://www.federation.edu.au,https://data.gov.au/data/dataset/cricos
2026-09-30,00114A,Flinders University,106281E,Master of Science (Nursing),Masters Degree (Research),9,"060399 - Nursing, n.e.c.",SA,104,"$75,600.00","$1,454.00",No,http://www.flinders.edu.au/,https://data.gov.au/data/dataset/cricos
2026-09-30,00109J,The University of Newcastle (UoN),102444A,Master of Philosophy (Midwifery),Masters Degree (Research),9,060303 - Midwifery,NSW,104,"$79,055.00",$765.00,No,https://www.newcastle.edu.au,https://data.gov.au/data/dataset/cricos
2026-09-30,00109J,The University of Newcastle (UoN),045882M,Master of Philosophy (Nursing),Masters Degree (Research),9,060301 - General Nursing,NSW,104,"$79,055.00",$765.00,No,https://www.newcastle.edu.au,https://data.gov.au/data/dataset/cricos
2026-09-30,01032F,The University of Notre Dame Australia,073038D,Master of Nursing (Coursework and Thesis),Masters Degree (Research),9,"060300 - Nursing, n.f.d.",NSW WA,104,"$86,726.00",$0.00,No,https://www.nd.edu.au,https://data.gov.au/data/dataset/cricos
2026-09-30,01032F,The University of Notre Dame Australia,061765E,Master of Philosophy (College of Nursing),Masters Degree (Research),9,"060399 - Nursing, n.e.c.",NSW WA,78,"$86,726.00",$0.00,No,https://www.nd.edu.au,https://data.gov.au/data/dataset/cricos
2026-09-30,00586B,University of Tasmania (UTas),079606F,Master of Nursing,Masters Degree (Research),9,"060300 - Nursing, n.f.d.",TAS,104,"$85,997.50",$0.00,No,https://www.utas.edu.au/international,https://data.gov.au/data/dataset/cricos
2026-09-30,00099F,University of Technology Sydney (UTS),055629G,Master of Health Services (Research),Masters Degree (Research),9,"060300 - Nursing, n.f.d.",NSW,104,"$94,160.00","$2,400.00",No,https://www.uts.edu.au,https://data.gov.au/data/dataset/cricos
2026-09-30,00099F,University of Technology Sydney (UTS),052680G,Master of Midwifery (Research),Masters Degree (Research),9,060303 - Midwifery,NSW,104,"$94,160.00","$2,400.00",No,https://www.uts.edu.au,https://data.gov.au/data/dataset/cricos
2026-09-30,00099F,University of Technology Sydney (UTS),052679M,Master of Nursing (Research),Masters Degree (Research),9,060301 - General Nursing,NSW,104,"$94,160.00","$2,400.00",No,https://www.uts.edu.au,https://data.gov.au/data/dataset/cricos
2026-09-30,00124K,Victoria University,069018J,Master of Nursing (by Research),Masters Degree (Research),9,060301 - General Nursing,VIC,104,"$68,544.00",$0.00,No,http://www.vu.edu.au/,https://data.gov.au/data/dataset/cricos
2026-09-30,00917K,Western Sydney University,092786K,Master of Philosophy (Midwifery),Masters Degree (Research),9,060303 - Midwifery,NSW,104,"$67,232.00",$600.00,No,https://www.westernsydney.edu.au,https://data.gov.au/data/dataset/cricos
2026-09-30,00917K,Western Sydney University,050329E,Master of Philosophy (Nursing),Masters Degree (Research),9,060301 - General Nursing,NSW,104,"$67,232.00",$600.00,No,https://www.westernsydney.edu.au,https://data.gov.au/data/dataset/cricos
2026-09-30,00301J,Curtin University,043996F,Doctor of Philosophy (Nursing and Midwifery) Research,Doctoral Degree,10,060301 - General Nursing,WA,208,"$161,524.00","$1,000.00",No,https://www.curtin.edu.au,https://data.gov.au/data/dataset/cricos
2026-09-30,00113B,Deakin University (Deakin),006256E,Doctor of Philosophy,Doctoral Degree,10,060301 - General Nursing,VIC,208,"$196,336.00",$0.00,No,http://www.deakin.edu.au/,https://data.gov.au/data/dataset/cricos
2026-09-30,00103D,Federation University Australia,092871B,Doctor of Philosophy (Nursing),Doctoral Degree,10,060301 - General Nursing,QLD VIC,156,"$88,500.00",$455.00,No,https://www.federation.edu.au,https://data.gov.au/data/dataset/cricos
2026-09-30,00114A,Flinders University,106270H,Doctor of Philosophy (Nursing),Doctoral Degree,10,"060399 - Nursing, n.e.c.",SA,208,"$158,200.00","$3,065.00",No,http://www.flinders.edu.au/,https://data.gov.au/data/dataset/cricos
2026-09-30,00114A,Flinders University,113534H,Doctor of Philosophy (Nursing) / Master of Business Administration Future Business,Doctoral Degree,10,"060399 - Nursing, n.e.c.",SA,260,"$236,500.00","$3,850.00",No,http://www.flinders.edu.au/,https://data.gov.au/data/dataset/cricos
2026-09-30,00114A,Flinders University,010651D,Doctor of Philosophy (Nursing/Midwifery),Doctoral Degree,10,060303 - Midwifery,SA,208,"$158,200.00","$3,065.00",No,http://www.flinders.edu.au/,https://data.gov.au/data/dataset/cricos
2026-09-30,00115M,La Trobe University (La Trobe),0101141,Doctor of Midwifery,Doctoral Degree,10,060303 - Midwifery,VIC,208,"$170,400.00",$0.00,No,http://www.latrobe.edu.au/international,https://data.gov.au/data/dataset/cricos
2026-09-30,00115M,La Trobe University (La Trobe),024379M,Doctor of Nursing (Professional Doctorate),Doctoral Degree,10,"060300 - Nursing, n.f.d.",VIC,208,"$170,400.00",$0.00,No,http://www.latrobe.edu.au/international,https://data.gov.au/data/dataset/cricos
2026-09-30,00122A,Royal Melbourne Institute of Technology,079729F,Doctor of Philosophy (Nursing),Doctoral Degree,10,"060300 - Nursing, n.f.d.",VIC,208,"$172,800.00","$1,544.00",No,https://www.rmit.edu.au,https://data.gov.au/data/dataset/cricos
2026-09-30,00109J,The University of Newcastle (UoN),056225J,Doctor of Philosophy (Midwifery),Doctoral Degree,10,060303 - Midwifery,NSW,208,"$166,212.00","$1,608.00",No,https://www.newcastle.edu.au,https://data.gov.au/data/dataset/cricos
2026-09-30,00109J,The University of Newcastle (UoN),027433G,Doctor of Philosophy (Nursing),Doctoral Degree,10,060301 - General Nursing,NSW,208,"$166,212.00","$1,608.00",No,https://www.newcastle.edu.au,https://data.gov.au/data/dataset/cricos
2026-09-30,01032F,The University of Notre Dame Australia,052527E,Doctor of Nursing,Doctoral Degree,10,"060300 - Nursing, n.f.d.",NSW WA,156,"$146,190.00",$0.00,No,https://www.nd.edu.au,https://data.gov.au/data/dataset/cricos
2026-09-30,01032F,The University of Notre Dame Australia,057674J,Doctor of Philosophy (College of Nursing),Doctoral Degree,10,"060300 - Nursing, n.f.d.",NSW WA,156,"$146,190.00",$0.00,No,https://www.nd.edu.au,https://data.gov.au/data/dataset/cricos
2026-09-30,00026A,The University of Sydney,008437F,Doctor of Philosophy in Nursing,Doctoral Degree,10,"060300 - Nursing, n.f.d.",NSW,208,"$234,900.00","$1,579.08",No,http://sydney.edu.au,https://data.gov.au/data/dataset/cricos
2026-09-30,00586B,University of Tasmania (UTas),079603J,Doctor of Philosophy (Nursing),Doctoral Degree,10,"060300 - Nursing, n.f.d.; 060300 - Nursing, n.f.d.",NSW TAS,208,"$200,205.31",$0.00,No,https://www.utas.edu.au/international,https://data.gov.au/data/dataset/cricos
2026-09-30,00099F,University of Technology Sydney (UTS),032320G,Doctor of Philosophy,Doctoral Degree,10,"060300 - Nursing, n.f.d.",NSW,208,"$188,320.00","$4,800.00",No,https://www.uts.edu.au,https://data.gov.au/data/dataset/cricos
2026-09-30,00124K,Victoria University,084116D,Doctor of Philosophy (General Nursing),Doctoral Degree,10,060301 - General Nursing,VIC,208,"$165,612.00",$0.00,No,http://www.vu.edu.au/,https://data.gov.au/data/dataset/cricos
2026-09-30,00124K,Victoria University,088591M,Doctor of Philosophy (Integrated)(General Nursing),Doctoral Degree,10,060301 - General Nursing,VIC,208,"$165,612.00",$0.00,No,http://www.vu.edu.au/,https://data.gov.au/data/dataset/cricos
2026-09-30,00117J,James Cook University,047821G,"Tropical Australian Health Internship (1 semester) [Faculty of Medicine, Health and Molecular Sciences]",Non AQF Award,Non AQF,"060399 - Nursing, n.e.c.",QLD,26,"$19,574.12",$0.00,No,https://www.jcu.edu.au,https://data.gov.au/data/dataset/cricos
2026-09-30,00124K,Victoria University,115011H,OSCE Preparation Program for Nurses,Non AQF Award,Non AQF,060301 - General Nursing,VIC,4,"$4,000.00",$0.00,No,http://www.vu.edu.au/,https://data.gov.au/data/dataset/cricos
