region,provider,official_url,city_or_campus,age_range,programme_type,residential_or_day,dates_2026_or_next_available,fee_public_or_tbc,English_requirement,application_route,why_fit_chinese_families,risk_or_unknown
Ireland,DCU International Academy Junior Residential Programme,https://english.dcu.ie/accommodation/summer-residential-programme/,Dublin City University Glasnevin Campus,Junior students - exact age TBC,English communication + activities + campus living,Residential groups only,June intakes 2026-06-07/14/21; July 2026-07-19/26; August 2026-08-02/09/16/23,By quotation / proposal,English language learning programme,Enquiry form / request a proposal,Strong university-campus route with full-board residence airport transfer activities and group operations,Groups only; individual juniors cannot register; agent terms to confirm
Ireland,ISI Dublin Residential Programme,https://summercamp.studyinireland.ie/,Dublin city centre,Residential 14-17,English lessons + activities + excursions,Residential + homestay,2026 TBC,Fee TBC; provider has separate fees page,ESL,Website enquiry,City-centre Dublin route with residential option and multilingual parent-facing materials,Exact 2026 dates fee table and agent terms to confirm from official pages
Ireland,Babel Academy Junior Summer School,https://babelacademy.ie/our-course/junior-summer-school/,Dublin / DCU residence / Manor House Raheny,11-17,English lessons + social programme + excursions,Homestay or DCU residence,Homestay 2026-06-28 to 2026-08-02; residence dates TBC from page,Fee TBC,Entry level test; English course,School enquiry / application route,Offers both homestay and university residence options with airport transfers and full-board package,Full 2026 fees and residence dates to confirm
Ireland,Swan Junior International Summer Programme at UCD,https://selt.ie/junior-courses/junior-international-summer-programme/,University College Dublin Belfield,12-17,General English + drama/art/sport + Dublin attractions,Homestay or residential options,Classes 2026-06-29 to 2026-08-07 per price list; residential window also listed,Fee in linked 2026 price list - exact package to confirm,Junior English programme,School enquiry / booking,Premium UCD campus route with international mix and clear 12-17 positioning,Need confirm exact package price and accommodation availability
Ireland,Atlas Junior Summer Programmes,https://atlaslanguageschool.com/atlas-junior-summer-programmes/,Dublin / Clare / UK Chichester route,Junior learners - exact age by centre TBC,English + cultural / sporting / artistic social programme,Residential / host family by programme TBC,2026 programme page available; exact dates by centre TBC,Fee TBC,English improvement programme,Enquiry / programme application,Strong welfare language and multiple Ireland centres for route variety,Exact ages dates fees and accommodation by centre to confirm
Ireland,Delfin Juniors,https://delfinschool.com/junior-camps/,Dublin St Columba's / Cork UCC,Junior students - exact age TBC,English + activities + international camp,Residential campus route,Summer 2026,Fee TBC,English learning programme,Enquire / brochure,Dublin and Cork campus choices with stated 24/7 supervision and 50+ nationalities,Need exact ages dates package fees and agent terms
Ireland,SEDA Summer,https://sedasummer.com/,Dublin / Cork / Limerick / Galway,Junior Summer School - exact age TBC,English immersion + cultural activities + accommodation,Campus living / residential accommodation,2026 routes available; exact dates TBC,Quote-based,All levels from Elementary to Advanced,Get quote / enquiry,Four-city Ireland network with accredited SEDA College backing and China testimonial signal,Exact junior dates ages fees and residence details to confirm
Ireland,DLTC Summer Junior English & Activity Programme,https://dltc.ie/summer-junior-english-course-ireland/,Dun Laoghaire / Dublin,Teenagers - exact age TBC,English classes + extracurricular activities + excursions,Accommodation details TBC,2026-06-29 to 2026-08-08,Fee TBC,English language course,School enquiry,Clear Dublin coastal location and published 2026 operating window,Need ages accommodation fees and agent terms
Ireland,Welcome Ireland English Summer Camp,https://welcomeireland.ie/courses/english-summer-camp-in-ireland/,Dublin,9-17,English language + sports/social activities,Residence or homestay,2026-06-21 to 2026-08-16,Fee TBC,English language programme,Enquiry / booking,Useful lower-age route with residence/homestay choice and long summer window,Need exact fees package inclusions and supervision details
Ireland,ICE Ireland English Summer Camp,https://www.iceireland.com/english-summer-camp-ireland/,Dublin Malahide homestay / Glenstal Abbey / Clongowes Wood College residential,Junior / teen exact age TBC,English + multi-activity,Residential + homestay,Homestay 2026-06-15 to 2026-08-23; Glenstal 2026-06-28 to 2026-07-26; Clongowes 2026-06-28 to 2026-07-26,Fee TBC,ESL,Website enquiry,2026 dates are published; boarding-school campus routes and airport transfer / Dublin transport-card signal are strong for Chinese families,Exact age fee table and agent terms to confirm
Singapore,British Council Singapore Summer 2026 Camps,https://www.britishcouncil.sg/english-courses/camps/study,Napier Road / Toa Payoh centres,4-16,English holiday camps with weekly topics,Day camp,Various summer 2026 weeks,Published fee section exists; exact weekly fee to confirm,Suitable for beginners to advanced learners,Register / enquire,Trusted English-brand route for families wanting safe English improvement in Singapore,No residence; accommodation/guardian arrangement needed for overseas juniors
Singapore,SMU Young Leaders Summer Programme,https://admissions.smu.edu.sg/smu-young-leaders-summer-programme,SMU city campus,High school students entering university in 2027 or 2028,One-week interdisciplinary leadership enrichment,Residential city-centre accommodation,2026-07-13 to 2026-07-18,Fee TBC,English-medium,Online application,University-official and selective programme suitable for high-school profile building,2026 application closed; deadline was 2026-05-17; plan for 2027 pipeline and confirm fee/accommodation cost
Singapore,NUS SCALE Youth Programmes,https://scale.nus.edu.sg/,NUS UTown / Singapore,High School / Pre-U / Undergrad; minimum 15,Academic enrichment; on-campus and online youth programmes,On-campus 15 hours over 1-2 weeks or online 18-24 hours over 3-6 weeks,Open Enrolment 2026; Jun-Jul 2026 route,Fee TBC by programme,English-medium,Online application / open enrolment,Top university official youth route with flexible online/on-campus delivery and strong Asia-location fit for Chinese families,Exact programme-by-programme dates fees accommodation and mainland China eligibility to confirm
Singapore,HWA x SUSS-INTO Future Summer School,https://www.hwa.edu.sg/academic/summer-school-program/,HWA International School / SUSS-INTO route,5-19,Future skills / IB-inspired global learning,Day/residential TBC,July-August 2026,Fees / discount details TBC,English-medium international learning,Register / prospectus,Very broad age range and bilingual-friendly Singapore international-school framing,Need confirm accommodation, exact fee table and overseas-student logistics
Singapore,MDIS English Immersion Programme,https://www.mdis.edu.sg/ct-summer-camps,MDIS Singapore,14-18,English immersion + Singapore student-life/cultural experience,Group camp; accommodation TBC,One to four-week programmes; 2026 dates by arrangement,Quote-based by group needs,Designed to improve spoken/written English,Corporate training enquiry; minimum 30 international students,Good group route for Chinese schools needing flexible one-to-four-week Singapore English camp,Minimum 30 students; individual route and residence details to confirm
Singapore,Singapore American School Summer Semester,https://www.sas.edu.sg/academics/summer-semester,Singapore American School,Open to SAS and non-SAS students; exact ages by course TBC,Creativity / hands-on / real-world exploration courses,Day school route,2026-06-08 to 2026-07-03,Fee TBC,English-medium courses,School application / registration,International-school environment with non-SAS access and four-week planning window,Age/course eligibility fees and visa/guardian logistics to confirm
Singapore,EduVentures Singapore Summer Camp 2026,https://eduventures.asia/,Singapore,6-20,Design thinking + entrepreneurship + AI + leadership + culture,Camp format; accommodation TBC,2026-07-05 to 2026-07-12,SGD 4000,English-medium international camp,Apply online,Broad age segmentation and future-skills theme fits Chinese families seeking Singapore enrichment,Need verify provider standing accommodation supervision and institutional backing
Singapore,Cambridge Camp Singapore,https://www.cambridgecampsg.com/,Singapore,13-16,Public speaking + persuasive rhetoric + critical argumentation,Day / short programme,2026-07-18 to 2026-07-19,SGD 1000,English-medium; secondary students,Sign up online,Short premium academic communication camp useful as add-on for Singapore stay,Only two days; not a full summer-school route; accommodation not included
Singapore,QCamp at Centre for Quantum Technologies,https://qcamp.quantumlah.org/,National University of Singapore / CQT,Curious students - exact age/level TBC,Quantum physics summer school,Day/campus programme TBC,QCamp 2026-06-08 to 2026-06-12; Flash QCamp 2026-06-16,Fee TBC,Strong STEM interest; English medium,Official QCamp application / info page,Distinctive NUS-linked STEM/quantum option for academically strong students,Eligibility level fees accommodation and international access to confirm
Singapore,SUSS OdySEA International Summer School 2026,https://www.suss.edu.sg/academics/programmes/summer-programmes,Singapore University of Social Sciences,University / young adult students likely - high school suitability TBC,Society + Enterprise + Advocacy academic summer school,Campus programme; accommodation/visa guidance TBC,2026 programme published; exact period in brochure,Fee TBC,English-medium academic programme,Programme application route,Useful for older/pre-university or undergraduate pathway research if eligible,May not fit under-18 summer-school market; eligibility must be checked
Ireland,ATC Language Schools,https://atclanguageschools.com/,Dublin / UCD / Trinity Hall / Blackrock College,11-17 / 13-17,English + activity junior summer,Residential + homestay,2026 TBC,Fee TBC,ESL / mixed levels,Website enquiry,Multi-campus Dublin route with residence and homestay options; good mainstream English-improvement candidate,Exact 2026 dates fees and agent terms to confirm
Ireland,Emerald Cultural Institute,https://www.eci.ie/,Dublin,Junior exact age TBC,English including Cambridge FCE/CAE preparation,Residential + homestay,2026 TBC; 2/3/4-week durations likely,Fee TBC,ESL / Cambridge preparation,Website enquiry,Exam-preparation signal useful for families wanting English plus recognised exam direction,Exact age dates fees and agent terms to confirm
Ireland,Centre of English Studies (CES),https://ces-schools.com/,Dublin,Junior exact age TBC,English + activity junior programme,Residential + homestay,2026 TBC,Fee TBC,ESL,Website enquiry,Recognisable Dublin English-school route with accommodation options and individual/group potential,Age dates fees and cooperation terms to confirm
Ireland,Irish College of English (ICE),https://www.iceireland.com/english-summer-camp-ireland/,Dublin Malahide / Glenstal Abbey / Clongowes Wood College,Junior / teen exact age TBC,English + multi-activity,Residential + homestay,Homestay 2026-06-15 to 2026-08-23; Glenstal 2026-06-28 to 2026-07-26; Clongowes 2026-06-28 to 2026-07-26,Fee TBC,ESL,Website enquiry,Published 2026 dates; boarding-school campus routes and homestay option make it the most actionable Ireland candidate,Exact age fee table and agent terms to confirm
Ireland,Euro Languages College,https://elc.ie/,Ireland residential secondary-school centres including Cistercian College Roscrea,13-19,French/German/Spanish language immersion; no English programme found,Residential,18-day camps; example Spanish 2026-06-29 to 2026-07-15,Fee TBC,Non-English language immersion,Website enquiry,Differentiated non-English European language route only; weak fit for families seeking English summer school,Not an English-course provider based on current official check; keep only as multilingual supplement
Singapore,Immerse Education Singapore,https://www.immerse.education/,Singapore central accommodation,13-18,University-style academic summer programme,Residential,2026 TBC,Fee TBC,English-medium academic programme,Online enrol / prospectus,Recognised academic-enrichment brand with Asia location and international student mix,Exact 2026 Singapore dates fees and agent terms to confirm
Singapore,Embassy Camps Singapore,https://embassy.camp/,Singapore,Age TBC,Skills + English camp including AI / English / speed reading themes,Residential/day TBC,2026 TBC,Fee TBC,ESL / English-medium,Website enquiry,Differentiated skills-plus-English route for families wanting non-traditional Singapore camp,Provider standing age accommodation dates fees and cooperation terms to verify
